gene	SNP	Allele	HWE	Cohort	Model	Effect Size	P-value
ACSM6, LOC107984257	chr10_95205120 (rs650243)	GA	1	Tucson	PC	11.03 (±3.8)	4.29x10-3
ACSM6, LOC107984257	chr10_95205120 (rs650243)	GA	0.2186	San Juan	PC	9.74 (±3.63)	8.75x10-3
ACSM6, LOC107984257	chr10_95205120 (rs650243)	GA	1	Tucson	IWPC	4.74 (±2.7)	8.18x10-2
ACSM6, LOC107984257	chr10_95205120 (rs650243)	GA	0.2186	San Juan	IWPC	7.37 (±3.51)	3.88x10-2
ACSM6, LOC107984257	chr10_95197958 (rs619297)	TA	1	Tucson	PC	11.03 (±3.8)	4.29x10-3
ACSM6, LOC107984257	chr10_95197958 (rs619297)	TA	0.2186	San Juan	PC	9.74 (±3.63)	8.75x10-3
ACSM6, LOC107984257	chr10_95197958 (rs619297)	TA	1	Tucson	IWPC	4.74 (±2.7)	8.18x10-2
ACSM6, LOC107984257	chr10_95197958 (rs619297)	TA	0.2186	San Juan	IWPC	7.37 (±3.51)	3.88x10-2
COX10	chr17_14207584 (rs11078234)	AG	0.001799	Tucson	PC	6.45 (±2.21)	4.09x10-3
COX10	chr17_14207584 (rs11078234)	AG	0.4184	San Juan	PC	5.71 (±2.01)	5.56x10-3
COX10	chr17_14207584 (rs11078234)	AG	0.001799	Tucson	IWPC	4.1 (±1.54)	8.95x10-3
COX10	chr17_14207584 (rs11078234)	AG	0.4184	San Juan	IWPC	4.08 (±2.27)	7.65x10-2
VKORC1	chr16_31093557 (rs9934438)	GA	0.6144	Tucson	PC	-9.01 (±1.8)	1.78x10-6
VKORC1	chr16_31093557 (rs9934438)	GA	0.1044	San Juan	PC	-4.73 (±1.6)	4.10x10-3
VKORC1	chr16_31093557 (rs9934438)	GA	0.6144	Tucson	IWPC	-	 NA
VKORC1	chr16_31093557 (rs9934438)	GA	0.1044	San Juan	IWPC	-5.74 (±1.96)	4.39x10-3
VKORC1	chr16_31093188 (rs8050894)	CG	0.8677	Tucson	PC	-8.74 (±1.74)	1.60x10-6
VKORC1	chr16_31093188 (rs8050894)	CG	0.5075	San Juan	PC	-4.92 (±1.63)	3.35x10-3
VKORC1	chr16_31093188 (rs8050894)	CG	0.8677	Tucson	IWPC	-7.42 (±5.29)	1.64x10-1
VKORC1	chr16_31093188 (rs8050894)	CG	0.5075	San Juan	IWPC	-6.09 (±1.94)	2.30x10-3
